{"Log_Return_EMA3":{"mean":0.0008647899901864576,"std":0.02592607496953339},"Volume":{"mean":4248275.504416094,"std":4694740.039109884},"OBV":{"mean":123285630.82433759,"std":114198740.40256497},"ATR_14":{"mean":0.8215505397448468,"std":0.5284990412960442},"RSI_14":{"mean":52.49142296368995,"std":11.055163059029475},"Volume_Z_Score":{"mean":0.07960215897939153,"std":1.0628329668957224},"Dist_52W_High":{"mean":-0.32658056918547607,"std":0.18873282504516503},"Dist_52W_Low":{"mean":0.9058814524043184,"std":0.6800713074222793}}