{"return_pct":{"mean":0.17892512880562128,"std":3.481773722922432},"rsi_14":{"mean":52.975142857142785,"std":13.86310357112071},"macd_hist":{"mean":-2.151778711943788,"std":369.1396095986077}}