{"return_pct":{"mean":0.001474648344905091,"std":0.03499936902022371},"rsi_14":{"mean":52.09422416484548,"std":13.738679962583147},"macd_hist":{"mean":-2.7080496184567133,"std":425.07706985125293}}