{"Log_Return_EMA3":{"mean":0.000006836646499567604,"std":0.02415652601932851},"Volume":{"mean":51683008.538461536,"std":28788454.5932222},"OBV":{"mean":-65612822.02852204,"std":797545843.2527083},"ATR_14":{"mean":0.6878824546240286,"std":0.4093603501750551},"RSI_14":{"mean":50.315842696629204,"std":12.536598622269041},"Volume_Z_Score":{"mean":0.05689619706136558,"std":1.063738271174836},"Dist_52W_High":{"mean":-0.37694140017286093,"std":0.22353690443960364},"Dist_52W_Low":{"mean":0.8531737251512526,"std":0.7460962750324678},"FINRA_Short_Ratio":{"mean":0.28998081244598073,"std":0.21766324539499637},"Inst_Ownership":{"mean":0.1866801210025937,"std":0.26641976844601195},"Share_Change_YoY":{"mean":0.9749030250648112,"std":0.3385366311755928},"FCF_Change_QoQ":{"mean":-2.5428023336214176,"std":10.38738749621691},"Revenue_Change_QoQ":{"mean":0.01991227312013825,"std":0.039816668739688595}}