{"Log_Return_EMA3":{"mean":-0.000009429192006950724,"std":0.024199077978033577},"Volume":{"mean":51524699.35447437,"std":28774804.188654274},"OBV":{"mean":-70545400.04604691,"std":796672140.9129444},"ATR_14":{"mean":0.6865421372719382,"std":0.4100022649450508},"RSI_14":{"mean":50.27895742832318,"std":12.556228984663468},"Volume_Z_Score":{"mean":0.056335534317984354,"std":1.0663005261852991},"Dist_52W_High":{"mean":-0.3766062554300609,"std":0.22406853448232583},"Dist_52W_Low":{"mean":0.8564443961772366,"std":0.746655551113181}}