{"Log_Return_EMA3":{"mean":0.00041603321364452417,"std":0.039750237172262795},"Volume":{"mean":10338112.631956913,"std":21752797.919866443},"OBV":{"mean":231041990.71184918,"std":479653929.3400952},"ATR_14":{"mean":0.6030520646319563,"std":0.5744784716113646},"RSI_14":{"mean":48.936741472172365,"std":12.212441865979624},"Volume_Z_Score":{"mean":0.07322315978456015,"std":1.1446431084061153},"Dist_52W_High":{"mean":-0.4990870736086186,"std":0.21003446595395658},"Dist_52W_Low":{"mean":1.651617414721725,"std":2.1087621055348604}}