{"Log_Return_EMA3":{"mean":0.0009293092682926831,"std":0.025880572845828873},"Volume":{"mean":4277854.87804878,"std":4700865.423354561},"OBV":{"mean":124668995.48975609,"std":115283851.7487737},"ATR_14":{"mean":0.8244682926829259,"std":0.528332429736921},"RSI_14":{"mean":52.529951219512256,"std":11.035205812067744},"Volume_Z_Score":{"mean":0.07869082926829266,"std":1.0609651879504476},"Dist_52W_High":{"mean":-0.32565541463414643,"std":0.1885694791341528},"Dist_52W_Low":{"mean":0.903917365853659,"std":0.6785648372355978},"FINRA_Short_Ratio":{"mean":0.27972780487804916,"std":0.2209550455052024},"Inst_Ownership":{"mean":0.31134204878048943,"std":0.4047792345460714},"Share_Change_YoY":{"mean":0.9302303414634082,"std":0.34077312928875353},"FCF_Change_QoQ":{"mean":0.032250536585365655,"std":0.1316171156569632},"Revenue_Change_QoQ":{"mean":0.026255902439024464,"std":0.05716530285520296},"Dilution_Risk_Flag":{"mean":0.4897560975609756,"std":0.49989505144862656}}