{"Close":{"mean":391.57374005305024,"std":143.60740541157156},"Volume":{"mean":81782404.48162183,"std":40094266.241344824},"OBV":{"mean":-127702415.5513452,"std":1159871161.4340444},"ATR_14":{"mean":4.940970064418336,"std":3.0957484393332737},"RSI_14":{"mean":56.07501326259963,"std":11.459092684144663},"MACD_Hist":{"mean":0.0032436528988253363,"std":1.3734695412161224},"Dist_SMA200":{"mean":0.048075179992421314,"std":0.06323505146152712},"SMA200_Slope":{"mean":0.004599469874952635,"std":0.005287274741657414},"Days_Below_SMA200":{"mean":7.1117847669571805,"std":23.519811161009923},"Volume_Z_Score":{"mean":-0.020013414172034855,"std":1.0914151877572187},"Dist_52W_High":{"mean":-0.04506203107237581,"std":0.056969614550265744},"Dist_52W_Low":{"mean":0.26226040166729825,"std":0.14793058605902754}}