{"Log_Return_EMA3":{"mean":0.0012667720033528915,"std":0.024514872533137864},"Volume":{"mean":57456468.81642917,"std":37930123.009095706},"OBV":{"mean":1210728899.3545682,"std":2261406011.63414},"ATR_14":{"mean":2.890176026823137,"std":2.9913170884663014},"RSI_14":{"mean":52.30391450125733,"std":12.894888985983455},"Volume_Z_Score":{"mean":-0.01591743503772003,"std":1.0726944340925966},"Dist_52W_High":{"mean":-0.2987959765297569,"std":0.23757287022680385},"Dist_52W_Low":{"mean":1.6804883487007536,"std":1.560916355545441}}