{"Log_Return_EMA3":{"mean":0.001315113427856547,"std":0.024501384474823692},"Volume":{"mean":57383923.29941618,"std":37856034.990535654},"OBV":{"mean":1228814490.2160134,"std":2270111960.7127934},"ATR_14":{"mean":2.91029190992494,"std":2.9973047940135227},"RSI_14":{"mean":52.30374478732277,"std":12.863894014356541},"Volume_Z_Score":{"mean":-0.016011426188490406,"std":1.071153876083992},"Dist_52W_High":{"mean":-0.2991529608006673,"std":0.23703275134496934},"Dist_52W_Low":{"mean":1.6732239366138442,"std":1.5603727314822806},"FINRA_Short_Ratio":{"mean":0.24983327773144304,"std":0.2628198241542842},"Inst_Ownership":{"mean":0.19787214345287835,"std":0.28993378308412354},"Share_Change_YoY":{"mean":0.964218265221013,"std":0.32535708396324153},"FCF_Change_QoQ":{"mean":0.07156622185154266,"std":0.19984831183034416},"Revenue_Change_QoQ":{"mean":0.034149958298582056,"std":0.0676975844007231}}