{"return_pct":{"mean":0.0022321298331725416,"std":0.043392239816009835},"rsi_14":{"mean":52.482780938833606,"std":12.746479284817088},"macd_hist":{"mean":-0.01619444405397177,"std":0.9248985109714712}}