{"Close":{"mean":23.572176422094,"std":11.780965884671774},"Volume":{"mean":5677303.163231657,"std":4208361.699121371},"OBV":{"mean":11091681.521022258,"std":48393480.81257699},"ATR_14":{"mean":1.4110305028854053,"std":1.1500182484918637},"RSI_14":{"mean":48.94802143446002,"std":10.715196036168555},"MACD_Hist":{"mean":-0.012737015663643833,"std":0.401814221599119},"FINRA_Short_Ratio":{"mean":0.21193841714756778,"std":0.2297612261605374},"Inst_Ownership":{"mean":0.2939040395713122,"std":0.40238109815634515},"Share_Change_YoY":{"mean":0.8443930750206003,"std":0.42528500153711535},"FCF_Change_QoQ":{"mean":0.5905699093157459,"std":2.81620734444716},"Revenue_Change_QoQ":{"mean":0.009637592745259691,"std":0.021144858715527022}}