{"Close":{"mean":38596.995546508064,"std":32429.00398533038},"Volume":{"mean":60944.174005637266,"std":75600.68684394592},"OBV":{"mean":435359.7733291561,"std":1790360.476376082},"ATR_14":{"mean":1669.2517945505738,"std":1320.4304672966232},"RSI_14":{"mean":52.07768243031634,"std":13.767524673113897},"MACD_Hist":{"mean":-2.795230191042905,"std":425.735982244976}}