{"Close":{"mean":304.9112656309212,"std":156.5808212804676},"Volume":{"mean":43558854.32171277,"std":22128801.01057589},"OBV":{"mean":752901790.2061387,"std":967188153.1179062},"ATR_14":{"mean":5.1535240621447445,"std":3.443295456710932},"RSI_14":{"mean":56.21998105342931,"std":11.785103922310734},"MACD_Hist":{"mean":0.009071618037135258,"std":1.4225684899330084},"Dist_SMA200":{"mean":0.07042978400909432,"std":0.0880545675898085},"SMA200_Slope":{"mean":0.006705765820386516,"std":0.007466633092009056},"Days_Below_SMA200":{"mean":10.032209170140204,"std":32.20562171123121},"Volume_Z_Score":{"mean":0.012153164077301975,"std":1.1159395630866171},"Dist_52W_High":{"mean":-0.061347707464948796,"std":0.07920715646535884},"Dist_52W_Low":{"mean":0.3475701023114822,"std":0.1778995087741423}}