{"return_pct":{"mean":0.0003685044535215153,"std":0.01787844420058444},"rsi_14":{"mean":54.154153753573134,"std":11.947188589037037},"macd_hist":{"mean":0.0009936829475613548,"std":1.0388619726202124}}