{"Log_Return_EMA3":{"mean":0.00021548839285714274,"std":0.03979631764401175},"Volume":{"mean":10377968.724107143,"std":21705391.301227093},"OBV":{"mean":238204656.11517859,"std":488222835.00856113},"ATR_14":{"mean":0.6101428571428564,"std":0.5810776450628925},"RSI_14":{"mean":48.85992857142858,"std":12.224897815607322},"Volume_Z_Score":{"mean":0.06773196428571429,"std":1.1442566888423358},"Dist_52W_High":{"mean":-0.4995575892857154,"std":0.20957352787329764},"Dist_52W_Low":{"mean":1.6513123214285732,"std":2.1031271418605013},"FINRA_Short_Ratio":{"mean":0.3197888392857142,"std":0.24901870725497488},"Inst_Ownership":{"mean":0.15828508928571536,"std":0.22044473809654966},"Share_Change_YoY":{"mean":1.6038042857142951,"std":1.1426711122563684},"FCF_Change_QoQ":{"mean":-0.03194633928571433,"std":0.2529219139184477},"Revenue_Change_QoQ":{"mean":-0.02027419642857149,"std":0.10327005246421353},"Dilution_Risk_Flag":{"mean":0.8919642857142858,"std":0.31042551236084}}